id,loc,h
163,1320.6793206793207,0.142493
163,1321.9986819554517,0.13654855555555556
163,1322.21974649939,0.13271666666666668
163,1322.9639095712923,0.1305542222222222
163,1323.2635647158243,0.1289792427983539
163,1323.3925493112047,0.1275949108367627
163,1323.4456563106087,0.12637568998628257
163,1323.8827348841867,0.12571417634506935
163,1324.1550841632113,0.12533693659503123
